Month,Permanent Visas - Total,Temporary Student Visas - Total,Temporary visas - Total,Other Visas(h),Total(i),State
Jan-2014,149080,52570,519240,1160,1744890,NSW
Feb-2014,103260,115470,603890,1140,1339050,NSW
Mar-2014,84430,44260,517340,1490,1280150,NSW
Apr-2014,95880,26520,424760,2050,1331230,NSW
May-2014,88910,19160,380570,1290,1187550,NSW
Jun-2014,86260,25380,371690,1490,1179420,NSW
Jul-2014,99200,88440,502220,2290,1594110,NSW
Aug-2014,93320,36510,447400,1830,1362450,NSW
Sep-2014,92660,24090,420640,1870,1381030,NSW
Oct-2014,101110,32360,468770,2670,1574500,NSW
Nov-2014,84890,23130,514910,1710,1342800,NSW
Dec-2014,78940,24430,664600,810,1455550,NSW
Jan-2015,159400,64400,503500,1300,1780350,NSW
Feb-2015,94250,107610,678430,1530,1415950,NSW
Mar-2015,97000,55090,586030,1000,1388160,NSW
Apr-2015,103900,31780,443820,2570,1365370,NSW
May-2015,90480,19340,389340,1570,1215090,NSW
Jun-2015,90950,26360,388410,3110,1233570,NSW
Jul-2015,104540,103270,529850,2920,1646140,NSW
Aug-2015,99520,34530,472330,1370,1419480,NSW
Sep-2015,96510,26770,461520,1670,1456880,NSW
Oct-2015,106880,37260,505550,2540,1650380,NSW
Nov-2015,89960,26140,568370,2020,1424700,NSW
Dec-2015,84550,26920,743590,940,1584200,NSW
Jan-2016,168830,70650,564570,1100,1908270,NSW
Feb-2016,107860,139260,760390,1320,1560130,NSW
Mar-2016,97070,47560,653000,1620,1479930,NSW
Apr-2016,108840,34020,501950,2360,1473700,NSW
May-2016,96820,21670,442220,1260,1304820,NSW
Jun-2016,95590,30000,449390,1430,1326820,NSW
Jul-2016,116570,122790,617710,2740,1829100,NSW
Aug-2016,105370,34210,528280,1230,1511510,NSW
Sep-2016,105940,34020,526260,2660,1587330,NSW
Oct-2016,117710,41240,576140,3330,1778870,NSW
Nov-2016,97230,29720,622500,1040,1512920,NSW
Dec-2016,92010,31610,816300,1390,1716250,NSW
Jan-2017,176430,73920,667460,1390,2066340,NSW
Feb-2017,126780,165310,755100,1700,1631360,NSW
Mar-2017,96700,53490,672120,1890,1522680,NSW
Apr-2017,122880,43100,587880,3370,1649770,NSW
May-2017,104440,25030,480190,1800,1401070,NSW
Jun-2017,102550,35060,501590,1190,1421130,NSW
Jul-2017,120630,138730,646640,5850,1909100,NSW
Aug-2017,106060,39870,593480,2270,1623620,NSW
Sep-2017,110150,34990,551200,2610,1666150,NSW
Oct-2017,125810,46650,618320,2080,1879610,NSW
Nov-2017,101330,32090,670270,1460,1602190,NSW
Dec-2017,94300,34360,858190,1400,1755130,NSW
Jan-2018,192170,90170,656780,1260,2130700,NSW
Feb-2018,114020,163680,883970,1760,1729160,NSW
Mar-2018,111110,66210,768710,1930,1682320,NSW
Apr-2018,128490,50530,583930,2810,1668310,NSW
May-2018,109350,29800,512710,1590,1480380,NSW
Jun-2018,106830,41500,547310,950,1513000,NSW
Jul-2018,126250,158550,693650,2690,2009860,NSW
Aug-2018,115100,43850,632380,1350,1718580,NSW
Sep-2018,118260,40520,579140,2300,1721970,NSW
Oct-2018,132390,49080,635860,2710,1963730,NSW
Nov-2018,105540,36730,698710,1700,1667980,NSW
Dec-2018,97720,37750,904540,1690,1853600,NSW
Jan-2019,203080,90260,685790,1620,2217890,NSW
Feb-2019,128220,183900,902080,1460,1788430,NSW
Mar-2019,108260,72150,748230,2420,1660140,NSW
Apr-2019,127890,44500,590970,2850,1674400,NSW
May-2019,122170,34260,563950,1430,1587870,NSW
Jun-2019,115160,46040,561670,2840,1562130,NSW
Jul-2019,129490,143840,696990,4870,2008780,NSW
Aug-2019,119020,54960,678310,1750,1782670,NSW
Sep-2019,120330,45300,586850,2220,1746100,NSW
Oct-2019,132940,50830,646960,2350,1979190,NSW
Nov-2019,112180,38260,707530,1510,1721900,NSW
Dec-2019,99590,38690,905340,1470,1889300,NSW
Jan-2020,206290,91610,714570,1670,2257280,NSW
Feb-2020,125010,121320,650480,1170,1568650,NSW
Mar-2020,61180,60360,302160,940,921950,NSW
Apr-2020,3760,30,1570,30,21170,NSW
May-2020,4080,40,1870,30,19120,NSW
Jun-2020,5520,60,2820,320,25120,NSW
Jul-2020,3110,40,2280,30,17260,NSW
Aug-2020,2680,50,2570,50,14940,NSW
Sep-2020,3080,80,3180,220,16200,NSW
Oct-2020,4310,130,5140,70,23710,NSW
Nov-2020,4960,150,5470,60,29330,NSW
Dec-2020,6750,230,5370,50,34670,NSW
Jan-2021,6100,360,6650,100,31160,NSW
Feb-2021,5250,200,4660,80,25210,NSW
Mar-2021,6690,230,5890,410,31990,NSW
Apr-2021,7080,260,7380,70,53910,NSW
May-2021,9920,390,8980,120,114520,NSW
Jun-2021,9120,470,9270,780,102480,NSW
Jul-2021,7720,520,6630,300,74860,NSW
Aug-2021,5290,240,5930,450,27020,NSW
Sep-2021,4270,120,5520,360,18850,NSW
Oct-2021,3440,160,5410,130,16630,NSW
Nov-2021,14190,780,18790,160,72260,NSW
Dec-2021,25080,29210,80020,310,196170,NSW
Jan-2022,41820,28030,75080,280,265260,NSW
Feb-2022,34680,49310,113960,630,271280,NSW
Mar-2022,37200,28180,163740,590,374630,NSW
Apr-2022,54860,21130,199730,800,573930,NSW
May-2022,65620,24750,206140,840,650520,NSW
Jun-2022,62900,29480,235020,710,730400,NSW
Jul-2022,84100,71220,281270,1820,1081610,NSW
Aug-2022,80250,40650,302180,2720,1027700,NSW
Sep-2022,76230,35560,317340,1350,1071520,NSW
Oct-2022,80920,28690,354410,1160,1212850,NSW
Nov-2022,76820,33080,441100,1080,1189920,NSW
Dec-2022,72030,35840,546180,1120,1260550,NSW
Jan-2023,143440,59240,392380,1230,1608010,NSW
Feb-2023,98780,142580,587860,1770,1375520,NSW
Mar-2023,94070,53640,546130,2820,1344580,NSW
Apr-2023,110890,42830,434790,2330,1370470,NSW
May-2023,100610,43950,424010,1590,1296710,NSW
Jun-2023,100650,50620,443010,2450,1357680,NSW
Jul-2023,113720,131640,539900,6990,1743390,NSW
Aug-2023,102460,48770,527430,2180,1544700,NSW
Sep-2023,105370,45090,489790,1990,1602720,NSW
Oct-2023,118740,38790,516750,1830,1742840,NSW
Nov-2023,104790,34550,576110,1920,1562520,NSW
Dec-2023,100270,41670,753330,1460,1704730,NSW
Jan-2024,190860,82890,585000,1230,2122070,NSW
Feb-2024,124380,175950,850360,1130,1786650,NSW
Mar-2024,107740,44580,674430,2080,1614830,NSW
Apr-2024,130290,45950,509480,1910,1634580,NSW
May-2024,106670,38010,485040,2320,1478410,NSW
Jun-2024,105550,39230,513530,2410,1525610,NSW
Jul-2024,122270,132970,611140,2630,1925260,NSW
Jan-2014,40690,14210,117740,140,409780,VIC
Feb-2014,29170,36870,139850,100,319850,VIC
Mar-2014,23850,15160,121470,180,309210,VIC
Apr-2014,28210,7420,93290,150,318380,VIC
May-2014,25020,5020,91020,120,287290,VIC
Jun-2014,23830,7920,84320,130,285740,VIC
Jul-2014,27610,28780,122310,260,400640,VIC
Aug-2014,26100,10020,98290,150,325810,VIC
Sep-2014,26020,6250,91940,160,333300,VIC
Oct-2014,27950,8420,106900,170,377380,VIC
Nov-2014,24320,7720,121610,110,336050,VIC
Dec-2014,22290,7130,161490,120,352790,VIC
Jan-2015,44170,18860,123590,160,439110,VIC
Feb-2015,29950,34890,177460,330,366510,VIC
Mar-2015,28600,18950,146660,120,351950,VIC
Apr-2015,28820,8490,105500,130,334690,VIC
May-2015,25500,4790,93000,250,298010,VIC
Jun-2015,26040,8570,91240,180,309100,VIC
Jul-2015,29550,33110,124380,260,415620,VIC
Aug-2015,28420,10050,111080,140,358930,VIC
Sep-2015,28120,6990,107930,180,371530,VIC
Oct-2015,30810,11380,125460,210,413060,VIC
Nov-2015,26520,8590,144390,220,370120,VIC
Dec-2015,25250,8390,192140,170,401740,VIC
Jan-2016,48530,21930,146640,220,481330,VIC
Feb-2016,34050,48680,201300,430,407130,VIC
Mar-2016,28910,14700,161560,140,369480,VIC
Apr-2016,33540,9430,122190,80,373380,VIC
May-2016,27400,5700,109940,150,322660,VIC
Jun-2016,27980,10020,113430,200,347280,VIC
Jul-2016,33990,41260,155490,230,473060,VIC
Aug-2016,31890,9550,127290,200,388980,VIC
Sep-2016,32030,9060,124210,230,413200,VIC
Oct-2016,33220,11890,142690,230,438490,VIC
Nov-2016,29080,10280,158180,150,393470,VIC
Dec-2016,27600,10040,214740,310,442440,VIC
Jan-2017,51860,23270,175740,230,531300,VIC
Feb-2017,39400,59780,202940,330,432020,VIC
Mar-2017,29990,14870,168840,310,391630,VIC
Apr-2017,38320,13020,147110,220,420090,VIC
May-2017,30800,6880,118820,320,353010,VIC
Jun-2017,32160,11410,127320,80,371490,VIC
Jul-2017,35970,47630,162930,310,491160,VIC
Aug-2017,30530,11560,148390,430,423360,VIC
Sep-2017,32150,9050,130260,330,422720,VIC
Oct-2017,37980,14330,152590,200,475610,VIC
Nov-2017,30680,10080,168070,230,414150,VIC
Dec-2017,28240,11390,224950,280,449050,VIC
Jan-2018,57200,29980,178840,160,544980,VIC
Feb-2018,36400,59860,241860,390,459680,VIC
Mar-2018,33200,19770,198240,180,436350,VIC
Apr-2018,39870,13820,154130,250,438950,VIC
May-2018,30600,8110,132370,220,368600,VIC
Jun-2018,31880,14480,145820,90,404770,VIC
Jul-2018,38770,56770,184240,280,549090,VIC
Aug-2018,35360,12310,161370,270,462430,VIC
Sep-2018,37290,11730,146150,210,471660,VIC
Oct-2018,42520,14410,164190,310,524950,VIC
Nov-2018,34220,13020,188550,180,461280,VIC
Dec-2018,30470,13170,245120,270,486340,VIC
Jan-2019,64480,30210,192880,350,596370,VIC
Feb-2019,42840,62210,256240,350,500350,VIC
Mar-2019,33640,30470,212730,310,458050,VIC
Apr-2019,41960,13190,154790,250,455230,VIC
May-2019,37050,9640,154950,140,420450,VIC
Jun-2019,36010,14130,151010,200,424740,VIC
Jul-2019,39050,56430,192530,360,555380,VIC
Aug-2019,37360,15550,175700,180,475830,VIC
Sep-2019,39700,10610,147190,180,477130,VIC
Oct-2019,40930,16010,168280,240,521120,VIC
Nov-2019,35890,13270,193220,240,474530,VIC
Dec-2019,30340,14010,245420,260,513090,VIC
Jan-2020,66330,29450,202560,480,609400,VIC
Feb-2020,40370,41900,175860,190,426000,VIC
Mar-2020,18810,24060,92480,120,255220,VIC
Apr-2020,1200,10,340,10,5630,VIC
May-2020,1340,10,440,0,5020,VIC
Jun-2020,1560,20,540,10,6050,VIC
Jul-2020,440,10,200,0,2070,VIC
Aug-2020,330,0,200,0,1500,VIC
Sep-2020,550,10,290,0,1940,VIC
Oct-2020,850,20,530,10,2960,VIC
Nov-2020,880,20,570,10,3570,VIC
Dec-2020,1630,40,800,10,6960,VIC
Jan-2021,1990,70,1690,20,7570,VIC
Feb-2021,1380,40,590,0,4960,VIC
Mar-2021,1720,40,900,10,6000,VIC
Apr-2021,2020,40,1130,10,10740,VIC
May-2021,2530,60,1400,20,20850,VIC
Jun-2021,1870,80,860,10,9390,VIC
Jul-2021,1840,130,1100,10,16490,VIC
Aug-2021,1800,90,1300,90,6580,VIC
Sep-2021,1460,40,930,90,4290,VIC
Oct-2021,1070,40,830,0,3400,VIC
Nov-2021,4920,230,5740,40,22010,VIC
Dec-2021,9310,11680,30260,90,68340,VIC
Jan-2022,15130,10120,26650,70,89260,VIC
Feb-2022,12580,19070,39320,80,91640,VIC
Mar-2022,12650,8440,46790,80,110850,VIC
Apr-2022,17730,5930,56560,100,164670,VIC
May-2022,21540,6830,57490,90,185190,VIC
Jun-2022,19890,8900,65970,110,208060,VIC
Jul-2022,27160,23910,76920,200,306390,VIC
Aug-2022,24220,10660,78510,170,280110,VIC
Sep-2022,24740,9160,80180,270,300910,VIC
Oct-2022,24360,8650,94800,220,323330,VIC
Nov-2022,23060,9500,118010,210,329160,VIC
Dec-2022,22850,10520,146630,290,338330,VIC
Jan-2023,45850,16800,107070,310,428470,VIC
Feb-2023,33140,47970,158800,500,377470,VIC
Mar-2023,29740,16420,144000,240,362090,VIC
Apr-2023,36200,12640,119640,190,375150,VIC
May-2023,31760,10890,119360,180,355450,VIC
Jun-2023,31560,15320,120330,190,365980,VIC
Jul-2023,35440,46180,143490,370,481900,VIC
Aug-2023,31610,11970,132660,170,417970,VIC
Sep-2023,34470,10490,121130,210,447030,VIC
Oct-2023,37410,11940,136120,240,460940,VIC
Nov-2023,33180,10620,150180,150,425860,VIC
Dec-2023,31110,13200,206780,390,458390,VIC
Jan-2024,61910,24750,166690,260,590350,VIC
Feb-2024,40870,59040,239350,270,501230,VIC
Mar-2024,34250,15900,179310,250,428790,VIC
Apr-2024,42250,14120,134970,340,438380,VIC
May-2024,32230,8150,125860,260,382090,VIC
Jun-2024,32350,12920,142150,240,414470,VIC
Jul-2024,39360,48340,163740,310,524280,VIC
Jan-2014,22630,9960,93570,160,318950,QLD
Feb-2014,12620,18460,106830,180,237550,QLD
Mar-2014,10760,6730,95690,230,241400,QLD
Apr-2014,12730,4040,77710,210,254530,QLD
May-2014,11500,3630,71530,300,225570,QLD
Jun-2014,11220,4670,77360,270,234330,QLD
Jul-2014,13960,15530,111220,450,323230,QLD
Aug-2014,11840,5750,105300,450,281410,QLD
Sep-2014,11380,4490,86390,710,271930,QLD
Oct-2014,14080,6340,96910,1430,307900,QLD
Nov-2014,10960,3330,96480,440,250260,QLD
Dec-2014,11010,4150,120220,170,279240,QLD
Jan-2015,22710,11170,88990,220,321680,QLD
Feb-2015,11510,16340,120970,190,257380,QLD
Mar-2015,12500,8260,102680,320,262130,QLD
Apr-2015,14440,5030,79630,440,255420,QLD
May-2015,11780,3860,76260,330,239720,QLD
Jun-2015,12090,4260,81010,730,245160,QLD
Jul-2015,14080,17940,121120,1180,331510,QLD
Aug-2015,12190,5130,103800,320,277390,QLD
Sep-2015,12190,5130,98110,510,293870,QLD
Oct-2015,13870,6390,103170,1100,324440,QLD
Nov-2015,11790,4490,108610,720,272080,QLD
Dec-2015,11560,4530,131080,190,309530,QLD
Jan-2016,22510,11860,102870,230,347800,QLD
Feb-2016,12860,20010,132430,160,282530,QLD
Mar-2016,12340,6530,120580,310,282800,QLD
Apr-2016,13890,5540,91600,220,279120,QLD
May-2016,12240,4150,86460,300,257200,QLD
Jun-2016,12940,4930,93130,480,263480,QLD
Jul-2016,14690,17760,130810,500,358310,QLD
Aug-2016,12300,5170,116150,220,300580,QLD
Sep-2016,13330,6140,109600,1310,322470,QLD
Oct-2016,15080,7640,119360,1880,347970,QLD
Nov-2016,12010,4330,111690,220,279540,QLD
Dec-2016,12260,4830,138370,220,326710,QLD
Jan-2017,23220,12540,111320,290,355850,QLD
Feb-2017,13820,22250,123760,230,282610,QLD
Mar-2017,12530,6870,121050,490,288270,QLD
Apr-2017,16230,7030,102890,760,305350,QLD
May-2017,12970,4320,90050,180,268690,QLD
Jun-2017,13570,6210,99350,420,283020,QLD
Jul-2017,16010,20330,135610,3930,379550,QLD
Aug-2017,13570,5840,124090,860,322590,QLD
Sep-2017,15210,5790,109420,1340,343590,QLD
Oct-2017,15920,7440,117020,420,356700,QLD
Nov-2017,13600,5890,120260,430,302910,QLD
Dec-2017,13920,5670,148470,320,346930,QLD
Jan-2018,24940,15620,116540,260,389630,QLD
Feb-2018,13610,22590,150510,320,311370,QLD
Mar-2018,13660,7200,140120,320,324060,QLD
Apr-2018,17360,9960,107240,420,318810,QLD
May-2018,13440,4980,98570,300,287950,QLD
Jun-2018,14220,7040,113400,270,309990,QLD
Jul-2018,17000,23150,151630,470,408700,QLD
Aug-2018,14750,6360,138870,150,359060,QLD
Sep-2018,15230,6510,116590,880,349420,QLD
Oct-2018,17780,8680,118250,1430,381890,QLD
Nov-2018,13440,5930,120070,600,305560,QLD
Dec-2018,14450,5760,156960,390,366920,QLD
Jan-2019,28520,15030,118900,420,411220,QLD
Feb-2019,14930,26530,148080,310,313720,QLD
Mar-2019,14910,8390,134670,650,322850,QLD
Apr-2019,16210,7550,107490,410,323180,QLD
May-2019,15850,5980,100470,330,312130,QLD
Jun-2019,16000,7880,110070,1610,318590,QLD
Jul-2019,18760,24230,150960,2520,410700,QLD
Aug-2019,15040,6560,140230,440,357020,QLD
Sep-2019,16220,6710,109360,760,345060,QLD
Oct-2019,17560,8820,120200,690,382780,QLD
Nov-2019,14490,6190,126910,330,324850,QLD
Dec-2019,14900,6420,163880,410,377490,QLD
Jan-2020,30010,16020,124050,340,428180,QLD
Feb-2020,14890,17600,111440,240,286860,QLD
Mar-2020,9520,7860,47670,250,187900,QLD
Apr-2020,500,0,480,10,4200,QLD
May-2020,470,0,340,0,3560,QLD
Jun-2020,780,20,800,10,5570,QLD
Jul-2020,420,10,590,10,3360,QLD
Aug-2020,290,10,460,0,2320,QLD
Sep-2020,340,20,610,0,2520,QLD
Oct-2020,480,20,860,10,3440,QLD
Nov-2020,450,30,980,10,3850,QLD
Dec-2020,690,30,670,10,4460,QLD
Jan-2021,720,40,1030,10,5010,QLD
Feb-2021,600,30,1020,20,4440,QLD
Mar-2021,690,40,900,30,4610,QLD
Apr-2021,620,80,1090,10,9530,QLD
May-2021,1330,60,1950,20,24420,QLD
Jun-2021,1160,80,2240,490,26050,QLD
Jul-2021,970,80,1160,10,16720,QLD
Aug-2021,890,40,1580,250,6870,QLD
Sep-2021,680,20,1470,80,4270,QLD
Oct-2021,590,30,1640,20,4270,QLD
Nov-2021,990,70,1600,10,5380,QLD
Dec-2021,1630,1120,3900,30,11690,QLD
Jan-2022,3290,2540,6470,40,22420,QLD
Feb-2022,3830,6080,16450,90,36890,QLD
Mar-2022,4590,4180,26310,150,61620,QLD
Apr-2022,7850,3340,31870,130,101610,QLD
May-2022,8500,3350,32480,190,115880,QLD
Jun-2022,8920,4490,43030,150,139770,QLD
Jul-2022,11840,11260,51990,460,200790,QLD
Aug-2022,11430,6250,54750,350,195850,QLD
Sep-2022,10870,6050,57530,200,207290,QLD
Oct-2022,11600,5260,61540,180,223230,QLD
Nov-2022,11120,5910,71200,260,216610,QLD
Dec-2022,11080,5750,86610,220,241260,QLD
Jan-2023,21100,10540,59960,160,288710,QLD
Feb-2023,12410,19300,86580,220,228730,QLD
Mar-2023,12950,8610,87670,430,242480,QLD
Apr-2023,15140,6950,68180,190,251260,QLD
May-2023,13720,6190,68060,330,245790,QLD
Jun-2023,14450,8000,80860,830,271770,QLD
Jul-2023,15830,20790,107770,3470,332640,QLD
Aug-2023,14280,6740,99810,390,298760,QLD
Sep-2023,15580,6540,87570,690,319410,QLD
Oct-2023,15680,5880,87940,160,316350,QLD
Nov-2023,14560,5530,94060,510,289200,QLD
Dec-2023,15630,6270,117030,270,329520,QLD
Jan-2024,26530,13000,86610,250,363550,QLD
Feb-2024,16300,23020,126980,180,304780,QLD
Mar-2024,15930,6360,124170,290,332220,QLD
Apr-2024,19030,6840,85130,260,322600,QLD
May-2024,14900,4680,79430,670,287780,QLD
Jun-2024,16640,5910,91830,670,314600,QLD
Jul-2024,17970,20170,125300,560,392150,QLD
Jan-2014,7270,3340,19190,70,69030,SA
Feb-2014,5910,7020,23110,60,55660,SA
Mar-2014,4390,3220,18590,90,50710,SA
Apr-2014,4650,1480,14040,60,52100,SA
May-2014,4330,810,11500,70,49940,SA
Jun-2014,4430,1280,11440,70,48930,SA
Jul-2014,4910,4290,17150,70,65950,SA
Aug-2014,4510,2420,13160,10,57640,SA
Sep-2014,4590,1150,13090,10,55690,SA
Oct-2014,5080,1750,15120,60,69440,SA
Nov-2014,4660,1000,15870,70,51870,SA
Dec-2014,4140,1180,21780,60,55680,SA
Jan-2015,7490,4380,18180,20,68740,SA
Feb-2015,4760,6420,25060,70,55740,SA
Mar-2015,4870,3690,19480,40,51500,SA
Apr-2015,4900,1780,13730,30,52340,SA
May-2015,4670,790,10040,10,48490,SA
Jun-2015,4110,1220,9030,30,43640,SA
Jul-2015,4560,4950,16110,50,66090,SA
Aug-2015,5370,1980,12490,40,57920,SA
Sep-2015,4750,1070,11900,30,54440,SA
Oct-2015,4960,1910,13830,120,66510,SA
Nov-2015,4150,1100,15230,60,50720,SA
Dec-2015,3870,1060,21270,120,56170,SA
Jan-2016,7180,4050,15980,10,67750,SA
Feb-2016,5290,8350,23790,70,56920,SA
Mar-2016,4630,2630,18380,90,53450,SA
Apr-2016,4540,1590,12610,50,50910,SA
May-2016,4690,1030,10140,50,50070,SA
Jun-2016,4580,1360,10680,60,50150,SA
Jul-2016,5270,5880,18040,40,73100,SA
Aug-2016,4840,1510,12980,20,58560,SA
Sep-2016,5370,1520,14400,50,62520,SA
Oct-2016,5520,2080,15200,40,69840,SA
Nov-2016,4720,1090,15500,40,52930,SA
Dec-2016,4390,1310,23310,30,62580,SA
Jan-2017,7440,3860,20070,60,73930,SA
Feb-2017,5800,9460,26050,40,61320,SA
Mar-2017,4570,1940,19180,60,54060,SA
Apr-2017,4670,1720,14580,70,53980,SA
May-2017,5010,950,10790,30,56400,SA
Jun-2017,4150,1460,12430,30,50540,SA
Jul-2017,5060,6530,20090,140,76860,SA
Aug-2017,4800,2220,16110,40,63260,SA
Sep-2017,4940,1250,17720,60,68030,SA
Oct-2017,5350,2270,17850,60,72410,SA
Nov-2017,4420,1080,20410,80,59490,SA
Dec-2017,4000,1220,26730,20,60480,SA
Jan-2018,8590,5120,21360,60,82590,SA
Feb-2018,5360,9430,29920,0,65300,SA
Mar-2018,5200,2410,22150,120,59730,SA
Apr-2018,5620,2090,17430,40,63180,SA
May-2018,5230,1090,13150,70,59690,SA
Jun-2018,4350,1700,13010,50,54930,SA
Jul-2018,5490,6690,20250,50,75040,SA
Aug-2018,5220,2250,16540,10,65030,SA
Sep-2018,5140,1690,16270,70,66340,SA
Oct-2018,5300,2260,17290,50,73170,SA
Nov-2018,4970,1140,21390,50,63850,SA
Dec-2018,4460,1360,27250,40,64640,SA
Jan-2019,7880,5020,22520,20,80290,SA
Feb-2019,6130,9400,30850,30,67880,SA
Mar-2019,5270,4310,22870,10,62040,SA
Apr-2019,5420,2120,17860,50,59670,SA
May-2019,5460,1320,15080,0,62480,SA
Jun-2019,5240,1740,14890,110,60030,SA
Jul-2019,5540,6810,21570,40,78900,SA
Aug-2019,6190,2960,17960,30,71750,SA
Sep-2019,5750,1600,20000,30,72960,SA
Oct-2019,5830,2820,21100,70,84040,SA
Nov-2019,5230,1430,20710,80,64100,SA
Dec-2019,4550,1660,28320,110,68800,SA
Jan-2020,7930,4940,23960,60,81290,SA
Feb-2020,5740,6950,23580,30,61960,SA
Mar-2020,3150,3520,11440,10,38070,SA
Apr-2020,170,0,60,0,960,SA
May-2020,220,0,70,0,760,SA
Jun-2020,240,0,60,0,790,SA
Jul-2020,100,0,90,0,570,SA
Aug-2020,80,0,50,0,360,SA
Sep-2020,130,0,70,0,520,SA
Oct-2020,190,10,180,0,830,SA
Nov-2020,170,10,220,0,970,SA
Dec-2020,280,10,130,0,1020,SA
Jan-2021,280,10,330,0,1260,SA
Feb-2021,240,10,160,10,920,SA
Mar-2021,260,10,160,0,940,SA
Apr-2021,250,10,500,0,1520,SA
May-2021,410,20,330,0,2470,SA
Jun-2021,340,20,210,0,2450,SA
Jul-2021,260,20,150,0,2110,SA
Aug-2021,280,10,180,0,1010,SA
Sep-2021,260,20,250,10,960,SA
Oct-2021,230,30,190,0,810,SA
Nov-2021,470,80,510,0,1930,SA
Dec-2021,1130,1080,2300,20,5290,SA
Jan-2022,1590,2100,4130,10,9270,SA
Feb-2022,1620,3160,6300,10,12130,SA
Mar-2022,1840,1520,7070,20,14960,SA
Apr-2022,2190,1180,8130,20,18650,SA
May-2022,3120,1300,8330,30,24590,SA
Jun-2022,2870,1600,9030,20,26890,SA
Jul-2022,3210,3860,11160,70,38420,SA
Aug-2022,3870,2330,10920,40,39850,SA
Sep-2022,3480,1640,11680,20,39710,SA
Oct-2022,3620,1460,12940,30,48850,SA
Nov-2022,3900,1540,15870,40,45680,SA
Dec-2022,3480,1820,20230,50,48390,SA
Jan-2023,6050,3760,15900,70,61550,SA
Feb-2023,5370,8330,23290,30,56350,SA
Mar-2023,5640,2750,21570,70,58130,SA
Apr-2023,5130,1950,16170,60,53050,SA
May-2023,5140,1860,14300,30,53770,SA
Jun-2023,4680,2240,13590,70,51790,SA
Jul-2023,5430,6460,18290,50,71040,SA
Aug-2023,5480,2230,14140,10,63040,SA
Sep-2023,5190,1780,15360,140,60900,SA
Oct-2023,5980,1900,16480,90,73230,SA
Nov-2023,5270,1450,17710,80,60780,SA
Dec-2023,5660,2360,22900,30,60340,SA
Jan-2024,8680,5360,22050,50,81710,SA
Feb-2024,6670,9170,28340,40,66120,SA
Mar-2024,5970,2380,21450,70,57530,SA
Apr-2024,6610,2370,16420,110,62300,SA
May-2024,5750,1590,13550,30,58980,SA
Jun-2024,5580,1670,14650,30,60040,SA
Jul-2024,5790,5840,17210,110,74580,SA
Jan-2014,28320,5210,62680,220,256440,WA
Feb-2014,19290,11110,68580,160,179070,WA
Mar-2014,14380,2990,61120,260,172600,WA
Apr-2014,16870,2930,52780,360,184490,WA
May-2014,16090,1560,44540,200,156370,WA
Jun-2014,14920,2160,46180,260,158630,WA
Jul-2014,17540,7320,55100,220,208820,WA
Aug-2014,16750,4070,48210,160,179050,WA
Sep-2014,15890,1980,55030,210,192420,WA
Oct-2014,17610,2940,58380,270,212570,WA
Nov-2014,14340,1750,62110,230,172460,WA
Dec-2014,12850,2500,76760,120,184240,WA
Jan-2015,28980,5540,56700,330,247480,WA
Feb-2015,15930,9620,69930,230,171380,WA
Mar-2015,15080,3890,64860,140,173790,WA
Apr-2015,17560,3170,53540,370,183000,WA
May-2015,14470,1780,44300,300,152970,WA
Jun-2015,14500,2240,46000,360,156500,WA
Jul-2015,18540,8680,55930,340,206510,WA
Aug-2015,17110,3430,50100,220,179050,WA
Sep-2015,15600,2210,56410,210,185070,WA
Oct-2015,17540,3250,56260,260,207250,WA
Nov-2015,13680,2050,66920,310,170380,WA
Dec-2015,13170,2100,82300,190,184470,WA
Jan-2016,29960,6270,56060,210,250790,WA
Feb-2016,17480,12040,80790,230,186630,WA
Mar-2016,15090,3110,70410,320,179460,WA
Apr-2016,16830,2930,56430,280,182030,WA
May-2016,15240,1920,51340,260,160520,WA
Jun-2016,14810,2590,52510,210,162940,WA
Jul-2016,20010,9260,64090,340,224010,WA
Aug-2016,16750,3470,54730,200,185040,WA
Sep-2016,15810,2830,65650,380,197330,WA
Oct-2016,19080,2900,65340,240,217050,WA
Nov-2016,14280,2200,72630,180,180150,WA
Dec-2016,12550,2480,91700,270,199690,WA
Jan-2017,28640,5710,61900,230,253030,WA
Feb-2017,19750,12710,75410,250,186870,WA
Mar-2017,13150,2810,70690,300,171770,WA
Apr-2017,17850,3090,63090,240,196570,WA
May-2017,15010,1960,54200,170,164070,WA
Jun-2017,13650,2720,55790,80,165690,WA
Jul-2017,18340,9090,56650,330,213540,WA
Aug-2017,16470,3040,59050,240,183800,WA
Sep-2017,15450,2440,58710,170,189540,WA
Oct-2017,18140,2790,65810,290,222130,WA
Nov-2017,14070,1970,71410,160,176170,WA
Dec-2017,12850,2160,91380,240,192880,WA
Jan-2018,27970,6030,57770,300,249150,WA
Feb-2018,16250,11110,80400,140,183830,WA
Mar-2018,14690,3140,75700,310,185060,WA
Apr-2018,16510,3060,53190,220,180920,WA
May-2018,16030,2240,52390,190,172200,WA
Jun-2018,15210,2570,56360,160,171200,WA
Jul-2018,17980,9310,56330,300,214680,WA
Aug-2018,15270,3140,60620,150,185330,WA
Sep-2018,16230,2520,59340,170,190450,WA
Oct-2018,17110,2710,63670,240,210470,WA
Nov-2018,13330,1680,72920,180,179230,WA
Dec-2018,12420,2540,91470,240,200780,WA
Jan-2019,25460,5400,56640,260,242850,WA
Feb-2019,17440,11870,82040,230,187920,WA
Mar-2019,13170,2930,69470,180,173670,WA
Apr-2019,15770,2650,57410,140,179650,WA
May-2019,15210,1710,55430,220,170090,WA
Jun-2019,14500,2750,57610,150,169790,WA
Jul-2019,17460,9720,61700,260,216650,WA
Aug-2019,15540,3080,65190,180,197540,WA
Sep-2019,14970,2280,63350,320,194340,WA
Oct-2019,17970,2880,70680,210,222580,WA
Nov-2019,14080,2050,78320,320,195840,WA
Dec-2019,12810,2320,99300,230,211420,WA
Jan-2020,24570,5640,71550,330,260650,WA
Feb-2020,17460,9900,73420,140,189340,WA
Mar-2020,7530,2710,32670,160,104850,WA
Apr-2020,490,0,150,10,2430,WA
May-2020,300,0,250,0,1850,WA
Jun-2020,470,0,340,20,2350,WA
Jul-2020,460,0,340,0,2400,WA
Aug-2020,220,10,430,0,1630,WA
Sep-2020,250,0,280,10,1420,WA
Oct-2020,360,10,600,10,2190,WA
Nov-2020,350,10,510,10,2450,WA
Dec-2020,450,10,540,10,2570,WA
Jan-2021,450,20,630,10,2610,WA
Feb-2021,390,10,630,10,2240,WA
Mar-2021,570,10,690,10,2930,WA
Apr-2021,460,10,830,10,3360,WA
May-2021,650,10,760,10,6440,WA
Jun-2021,600,20,730,10,6480,WA
Jul-2021,520,20,620,10,6220,WA
Aug-2021,470,20,640,10,3940,WA
Sep-2021,440,0,700,40,2440,WA
Oct-2021,400,10,820,30,2580,WA
Nov-2021,830,30,1220,10,4200,WA
Dec-2021,720,200,1660,10,4840,WA
Jan-2022,360,210,1300,0,2970,WA
Feb-2022,1840,1470,4060,20,11090,WA
Mar-2022,3300,2300,16680,80,31560,WA
Apr-2022,5560,1380,23820,110,56300,WA
May-2022,6500,1360,23320,170,62730,WA
Jun-2022,6790,2060,27510,150,74960,WA
Jul-2022,10600,5610,30940,200,115500,WA
Aug-2022,9950,3700,33920,190,114680,WA
Sep-2022,9380,2430,39310,120,119410,WA
Oct-2022,10020,2190,41800,130,135880,WA
Nov-2022,9730,2830,55540,170,138750,WA
Dec-2022,8480,3360,63380,180,139460,WA
Jan-2023,18080,5870,42860,210,189380,WA
Feb-2023,12780,11850,60480,190,156350,WA
Mar-2023,11880,3760,61950,200,160360,WA
Apr-2023,13590,3260,49890,130,162750,WA
May-2023,12670,3860,45750,250,147530,WA
Jun-2023,11970,4720,46880,90,152460,WA
Jul-2023,14250,10610,46550,260,187330,WA
Aug-2023,13820,4070,52660,290,175350,WA
Sep-2023,13080,3330,54140,140,178630,WA
Oct-2023,15300,3210,53600,140,197840,WA
Nov-2023,12860,3210,64720,190,177360,WA
Dec-2023,12330,3960,73400,160,178720,WA
Jan-2024,22820,6650,54090,150,236450,WA
Feb-2024,16530,13670,82900,140,198250,WA
Mar-2024,13920,3280,72490,90,186930,WA
Apr-2024,17650,3530,57830,60,195940,WA
May-2024,13600,2200,60720,160,172920,WA
Jun-2024,13570,3830,60910,150,183080,WA
Jul-2024,17130,11050,59350,140,225400,WA
Jan-2014,680,320,4090,0,13030,TAS
Feb-2014,700,1480,5390,30,11600,TAS
Mar-2014,630,180,3070,0,8780,TAS
Apr-2014,360,190,2580,10,9280,TAS
May-2014,570,160,1700,0,10610,TAS
Jun-2014,520,170,1350,0,9550,TAS
Jul-2014,440,830,1990,0,13240,TAS
Aug-2014,490,240,1740,20,10860,TAS
Sep-2014,500,210,1710,0,10110,TAS
Oct-2014,890,180,3090,0,14970,TAS
Nov-2014,530,240,4810,20,13240,TAS
Dec-2014,360,190,7390,0,15040,TAS
Jan-2015,740,570,4660,20,12690,TAS
Feb-2015,430,1380,6950,40,12430,TAS
Mar-2015,580,280,3910,0,10500,TAS
Apr-2015,490,260,2460,0,9510,TAS
May-2015,480,160,1880,0,8570,TAS
Jun-2015,490,230,1830,10,10170,TAS
Jul-2015,620,930,2870,0,13850,TAS
Aug-2015,550,190,2150,0,11410,TAS
Sep-2015,610,240,2350,0,11380,TAS
Oct-2015,680,150,2800,50,15310,TAS
Nov-2015,490,150,5090,0,11980,TAS
Dec-2015,380,350,8300,0,14790,TAS
Jan-2016,570,400,4880,10,12760,TAS
Feb-2016,590,1420,7400,0,14260,TAS
Mar-2016,420,200,4670,20,10960,TAS
Apr-2016,600,170,2940,0,10630,TAS
May-2016,340,100,2250,0,9850,TAS
Jun-2016,560,310,2790,0,10950,TAS
Jul-2016,760,1190,3710,0,15560,TAS
Aug-2016,660,320,2840,0,12260,TAS
Sep-2016,760,260,2970,10,12800,TAS
Oct-2016,750,210,3680,0,17050,TAS
Nov-2016,740,170,6000,0,15090,TAS
Dec-2016,480,300,9010,0,16800,TAS
Jan-2017,860,460,6290,30,14020,TAS
Feb-2017,690,1980,7130,10,14720,TAS
Mar-2017,540,350,5080,30,12150,TAS
Apr-2017,500,240,3870,0,11820,TAS
May-2017,560,180,2690,30,12330,TAS
Jun-2017,880,280,3170,10,13150,TAS
Jul-2017,820,1630,5060,120,18230,TAS
Aug-2017,610,300,4250,40,14900,TAS
Sep-2017,670,520,4560,10,15060,TAS
Oct-2017,800,260,5420,20,20370,TAS
Nov-2017,920,260,7900,0,15990,TAS
Dec-2017,490,370,12170,0,20370,TAS
Jan-2018,740,620,7010,0,16880,TAS
Feb-2018,640,2460,12050,60,19650,TAS
Mar-2018,760,610,7820,0,16370,TAS
Apr-2018,870,400,5060,0,15100,TAS
May-2018,840,190,3560,0,14380,TAS
Jun-2018,790,390,3850,0,14010,TAS
Jul-2018,930,1770,5160,10,19220,TAS
Aug-2018,860,400,3650,0,14290,TAS
Sep-2018,1020,400,3880,30,16280,TAS
Oct-2018,1060,370,5540,10,21690,TAS
Nov-2018,860,230,7860,0,18320,TAS
Dec-2018,730,470,12700,0,22190,TAS
Jan-2019,1040,770,7870,0,18300,TAS
Feb-2019,1080,2880,12680,10,20680,TAS
Mar-2019,1000,580,7880,0,17560,TAS
Apr-2019,820,410,5300,30,15220,TAS
May-2019,760,360,4360,0,15660,TAS
Jun-2019,850,430,4240,20,14470,TAS
Jul-2019,1030,1900,5530,10,20200,TAS
Aug-2019,1020,420,5250,0,18140,TAS
Sep-2019,1160,400,4680,10,16850,TAS
Oct-2019,1170,430,5850,10,21560,TAS
Nov-2019,910,380,9260,10,20470,TAS
Dec-2019,940,480,12980,40,22720,TAS
Jan-2020,1100,870,9910,30,20650,TAS
Feb-2020,1260,1890,8690,10,18510,TAS
Mar-2020,730,590,3560,20,10110,TAS
Apr-2020,30,0,10,0,210,TAS
May-2020,20,10,30,0,140,TAS
Jun-2020,40,0,10,0,170,TAS
Jul-2020,20,0,10,0,140,TAS
Aug-2020,30,0,10,0,120,TAS
Sep-2020,20,0,20,0,100,TAS
Oct-2020,20,10,60,0,170,TAS
Nov-2020,40,0,30,0,230,TAS
Dec-2020,50,0,270,0,490,TAS
Jan-2021,30,10,330,0,500,TAS
Feb-2021,40,0,80,0,240,TAS
Mar-2021,40,0,110,0,300,TAS
Apr-2021,50,0,110,0,450,TAS
May-2021,80,0,80,0,910,TAS
Jun-2021,60,0,60,0,890,TAS
Jul-2021,50,10,70,0,1110,TAS
Aug-2021,40,10,190,0,450,TAS
Sep-2021,40,10,140,0,290,TAS
Oct-2021,30,0,350,0,500,TAS
Nov-2021,90,0,560,0,860,TAS
Dec-2021,260,220,1100,10,2010,TAS
Jan-2022,310,370,860,10,1970,TAS
Feb-2022,340,440,1080,0,2230,TAS
Mar-2022,380,250,1690,0,3280,TAS
Apr-2022,520,180,1910,0,4540,TAS
May-2022,750,220,2050,10,5970,TAS
Jun-2022,840,360,2640,0,6960,TAS
Jul-2022,840,530,2270,10,9400,TAS
Aug-2022,1090,250,2450,10,9980,TAS
Sep-2022,780,230,2540,0,10620,TAS
Oct-2022,910,170,3940,20,13570,TAS
Nov-2022,1120,400,6480,20,14330,TAS
Dec-2022,1010,380,8240,40,15370,TAS
Jan-2023,1150,470,5260,30,13730,TAS
Feb-2023,1370,1290,7290,10,16220,TAS
Mar-2023,1320,400,6880,10,15090,TAS
Apr-2023,1280,290,3950,40,12850,TAS
May-2023,1240,290,3290,0,11310,TAS
Jun-2023,1280,560,4210,10,13830,TAS
Jul-2023,1250,800,3370,20,15860,TAS
Aug-2023,1350,330,3690,0,15870,TAS
Sep-2023,1300,240,3510,10,14290,TAS
Oct-2023,1580,250,4570,0,20040,TAS
Nov-2023,1510,250,6680,0,17440,TAS
Dec-2023,1280,420,9190,0,17730,TAS
Jan-2024,1610,480,6460,0,17040,TAS
Feb-2024,1400,1130,9130,30,17460,TAS
Mar-2024,1380,300,6940,10,17640,TAS
Apr-2024,1210,210,3820,10,14510,TAS
May-2024,1400,170,4020,0,14770,TAS
Jun-2024,1240,190,3520,20,13060,TAS
Jul-2024,1180,720,3840,0,16510,TAS
Jan-2014,2020,310,4690,210,19440,NT
Feb-2014,1420,380,4420,140,14180,NT
Mar-2014,1020,220,5100,270,15000,NT
Apr-2014,1110,560,9650,890,19170,NT
May-2014,1100,150,5930,200,15300,NT
Jun-2014,960,210,7050,290,16660,NT
Jul-2014,1290,750,10580,810,24250,NT
Aug-2014,1200,320,9210,510,20000,NT
Sep-2014,910,130,7750,250,18510,NT
Oct-2014,840,210,7660,250,17880,NT
Nov-2014,920,210,7360,240,17500,NT
Dec-2014,860,110,4190,30,12690,NT
Jan-2015,2190,260,4460,120,20250,NT
Feb-2015,1190,490,5260,200,13050,NT
Mar-2015,980,220,5510,60,13230,NT
Apr-2015,1230,550,9340,1280,19230,NT
May-2015,870,170,5000,180,12940,NT
Jun-2015,890,450,11850,1230,20440,NT
Jul-2015,1190,750,11030,470,22160,NT
Aug-2015,1110,150,7240,220,16140,NT
Sep-2015,780,110,6320,400,15740,NT
Oct-2015,800,170,6440,260,15600,NT
Nov-2015,910,140,5110,250,14830,NT
Dec-2015,780,140,3700,60,11440,NT
Jan-2016,2410,320,3900,40,19360,NT
Feb-2016,1150,550,4710,110,12880,NT
Mar-2016,970,160,5010,140,13020,NT
Apr-2016,1030,250,7060,1200,16950,NT
May-2016,1060,120,5120,100,12990,NT
Jun-2016,810,210,5180,130,14020,NT
Jul-2016,1400,1170,12150,990,25110,NT
Aug-2016,1150,230,8730,320,18240,NT
Sep-2016,1030,150,7360,400,17390,NT
Oct-2016,1110,260,6220,170,17260,NT
Nov-2016,1030,150,4660,140,14650,NT
Dec-2016,720,150,5480,170,13070,NT
Jan-2017,2260,280,4180,140,19570,NT
Feb-2017,1370,880,6250,350,16180,NT
Mar-2017,940,180,5240,240,14670,NT
Apr-2017,1170,250,6260,1370,18220,NT
May-2017,910,110,6320,620,15260,NT
Jun-2017,990,160,8950,280,16960,NT
Jul-2017,1550,490,8420,270,25170,NT
Aug-2017,1140,140,7870,320,21100,NT
Sep-2017,1330,100,7540,290,20280,NT
Oct-2017,1460,200,6920,390,23480,NT
Nov-2017,1510,170,5950,210,19970,NT
Dec-2017,1010,120,4440,70,14640,NT
Jan-2018,2370,370,4420,100,21440,NT
Feb-2018,1160,530,4370,140,13080,NT
Mar-2018,1000,200,4250,550,12720,NT
Apr-2018,1070,210,4820,1200,15150,NT
May-2018,1050,90,4630,270,13200,NT
Jun-2018,940,120,5720,170,13280,NT
Jul-2018,1110,330,7260,1020,17720,NT
Aug-2018,960,80,7350,250,15550,NT
Sep-2018,800,80,6200,350,14010,NT
Oct-2018,800,100,4780,100,13410,NT
Nov-2018,860,140,5230,240,12960,NT
Dec-2018,930,130,5060,70,12350,NT
Jan-2019,2120,330,3650,100,17530,NT
Feb-2019,1430,540,5290,40,13600,NT
Mar-2019,920,220,4310,590,12000,NT
Apr-2019,1080,130,5370,1510,15360,NT
May-2019,1050,120,5550,300,13580,NT
Jun-2019,930,130,6070,150,14520,NT
Jul-2019,1290,410,7550,980,19790,NT
Aug-2019,890,160,7780,280,17210,NT
Sep-2019,820,120,7470,390,16970,NT
Oct-2019,820,160,6740,230,16580,NT
Nov-2019,910,170,4110,180,11920,NT
Dec-2019,810,180,4440,50,11550,NT
Jan-2020,1930,440,4390,50,17330,NT
Feb-2020,1340,450,4540,30,12380,NT
Mar-2020,680,190,1580,110,6950,NT
Apr-2020,20,0,10,0,150,NT
May-2020,40,0,60,0,180,NT
Jun-2020,40,0,40,240,410,NT
Jul-2020,10,0,30,0,120,NT
Aug-2020,10,0,30,20,140,NT
Sep-2020,20,0,140,150,390,NT
Oct-2020,30,0,60,10,160,NT
Nov-2020,40,0,50,0,220,NT
Dec-2020,20,0,30,0,150,NT
Jan-2021,60,30,110,20,310,NT
Feb-2021,20,0,50,0,180,NT
Mar-2021,40,0,80,280,530,NT
Apr-2021,30,0,90,0,270,NT
May-2021,40,0,120,10,510,NT
Jun-2021,40,0,90,120,580,NT
Jul-2021,40,0,80,160,630,NT
Aug-2021,130,10,360,20,880,NT
Sep-2021,130,0,710,100,1200,NT
Oct-2021,140,0,210,60,700,NT
Nov-2021,140,10,300,30,790,NT
Dec-2021,180,150,480,20,1020,NT
Jan-2022,270,130,530,20,1470,NT
Feb-2022,270,150,950,190,1890,NT
Mar-2022,250,130,810,50,1750,NT
Apr-2022,310,100,1230,240,3110,NT
May-2022,590,160,2030,60,5030,NT
Jun-2022,380,90,1540,50,4060,NT
Jul-2022,770,200,2850,240,8680,NT
Aug-2022,630,250,4030,1470,10130,NT
Sep-2022,650,160,3310,280,8680,NT
Oct-2022,720,100,2480,90,8390,NT
Nov-2022,730,190,2890,30,9140,NT
Dec-2022,710,190,2680,10,7120,NT
Jan-2023,1350,310,2390,60,11670,NT
Feb-2023,1100,570,3170,220,9370,NT
Mar-2023,880,480,3470,1100,9350,NT
Apr-2023,740,180,2800,1040,9810,NT
May-2023,800,170,3300,230,9350,NT
Jun-2023,790,360,3880,460,10100,NT
Jul-2023,830,540,4350,1000,12230,NT
Aug-2023,750,160,3940,460,10860,NT
Sep-2023,730,140,3860,390,10040,NT
Oct-2023,570,200,3540,50,10140,NT
Nov-2023,900,270,3080,100,9130,NT
Dec-2023,720,220,3040,40,8370,NT
Jan-2024,1560,300,2840,80,12740,NT
Feb-2024,1240,520,3830,30,9970,NT
Mar-2024,920,260,3150,890,10120,NT
Apr-2024,920,150,3760,530,11080,NT
May-2024,1000,90,3370,510,11210,NT
Jun-2024,850,150,4270,500,11270,NT
Jul-2024,720,310,5360,920,13860,NT
